Pp1s100_110V6.1;Trihelix
Pp1s100_120V6.1;Trihelix
Pp1s100_146V6.1;SET
Pp1s100_44V6.1;C2H2
Pp1s101_148V6.1;TUB
Pp1s101_160V6.1;DUF246 domain containing
Pp1s101_166V6.1;Sin3
Pp1s101_4V6.1;SET
Pp1s102_150V6.1;PHD
Pp1s102_155V6.1;C3H
Pp1s102_187V6.1;NAC
Pp1s102_87V6.1;PLATZ
Pp1s102_87V6.2;PLATZ
Pp1s102_87V6.3;PLATZ
Pp1s102_87V6.4;PLATZ
Pp1s102_87V6.5;PLATZ
Pp1s103_145V6.1;BES1
Pp1s103_27V6.1;tify
Pp1s103_29V6.1;tify
Pp1s103_29V6.2;tify
Pp1s103_56V6.1;MYB
Pp1s103_65V6.1;CSD
Pp1s104_102V6.1;PHD
Pp1s104_175V6.1;GARP_G2-like
Pp1s104_58V6.1;ABI3/VP1
Pp1s104_58V6.2;ABI3/VP1
Pp1s104_74V6.1;SWI/SNF_BAF60b
Pp1s105_201V6.1;bHLH
Pp1s105_212V6.1;AP2/EREBP
Pp1s105_46V6.1;DUF246 domain containing
Pp1s105_81V6.1;bHLH
Pp1s106_177V6.1;HMG
Pp1s106_183V6.1;HMG
Pp1s106_216V6.1;MYB
Pp1s106_224V6.1;MYB
Pp1s107_190V6.1;GIF
Pp1s107_205V6.1;bHLH
Pp1s107_32V6.1;AP2/EREBP
Pp1s107_45V6.1;AP2/EREBP
Pp1s108_101V6.2;MYB
Pp1s108_47V6.1;HD-Zip
Pp1s108_47V6.2;HD-Zip
Pp1s108_47V6.3;HD-Zip
Pp1s108_81V6.1;MYB
Pp1s108_97V6.1;C2C2_CO-like
Pp1s109_107V6.1;GARP_G2-like
Pp1s109_123V6.1;WRKY
Pp1s109_175V6.1;FHA
Pp1s109_40V6.1;C2C2_CO-like
Pp1s109_79V6.1;RWP-RK
Pp1s10_104V6.1;FHA
Pp1s10_174V6.1;DUF246 domain containing
Pp1s10_187V6.1;C2H2
Pp1s10_254V6.2;CPP
Pp1s10_267V6.1;MYB
Pp1s10_268V6.1;C2H2
Pp1s10_271V6.1;AS2/LOB
Pp1s10_278V6.1;GARP_ARR-B
Pp1s10_326V6.1;Zinc finger, MIZ type
Pp1s10_90V6.1;NAC
Pp1s110_124V6.1;Argonaute
Pp1s111_5V6.1;tify
Pp1s111_5V6.2;tify
Pp1s111_87V6.1;GARP_G2-like
Pp1s112_113V6.1;GARP_G2-like
Pp1s112_139V6.1;CCAAT_Hap5
Pp1s112_141V6.1;GARP_G2-like
Pp1s112_141V6.2;GARP_G2-like
Pp1s112_154V6.1;C2C2_CO-like
Pp1s112_221V6.1;CAMTA
Pp1s112_23V6.1;AP2/EREBP
Pp1s113_55V6.1;C2H2
Pp1s113_5V6.1;TRAF
Pp1s113_68V6.1;VOZ
Pp1s114_136V6.1;MYB
Pp1s114_137V6.1;MYB-related
Pp1s114_151V6.1;GARP_G2-like
Pp1s114_166V6.1;DUF246 domain containing
Pp1s114_191V6.1;bHLH
Pp1s114_3V6.1;DUF246 domain containing
Pp1s114_84V6.1;C3H
Pp1s115_10V6.1;WRKY
Pp1s115_128V6.1;HB
Pp1s115_154V6.1;AP2/EREBP
Pp1s116_166V6.1;GRAS
Pp1s117_107V6.1;Alfin-like
Pp1s117_107V6.2;Alfin-like
Pp1s117_143V6.1;GRAS
Pp1s117_16V6.1;NAC
Pp1s117_19V6.1;AP2/EREBP
Pp1s117_23V6.1;AP2/EREBP
Pp1s117_32V6.1;AP2/EREBP
Pp1s118_161V6.1;MADS
Pp1s118_209V6.1;MADS
Pp1s118_209V6.2;MADS
Pp1s118_226V6.1;C2C2_Dof
Pp1s118_226V6.2;C2C2_Dof
Pp1s118_235V6.1;ABI3/VP1
Pp1s118_9V6.1;SBP
Pp1s119_101V6.1;MYB-related
Pp1s119_113V6.1;Zinc finger, MIZ type
Pp1s119_32V6.1;ARF
Pp1s119_32V6.2;ARF
Pp1s119_43V6.1;AP2/EREBP
Pp1s11_111V6.1;PHD
Pp1s11_111V6.2;PHD
Pp1s11_111V6.3;PHD
Pp1s11_120V6.1;C2H2
Pp1s11_198V6.1;AP2/EREBP
Pp1s11_19V6.1;C2H2
Pp1s11_200V6.1;AP2/EREBP
Pp1s11_241V6.1;WRKY
Pp1s11_280V6.1;AP2/EREBP
Pp1s11_309V6.2;GNAT
Pp1s11_337V6.1;EIL
Pp1s11_350V6.2;bHLH
Pp1s11_60V6.1;DUF296 and HMG DNA-binding domain containing
Pp1s11_78V6.1;BSD domain containing
Pp1s11_78V6.2;BSD domain containing
Pp1s11_83V6.1;DUF246 domain containing
Pp1s120_13V6.1;AP2/EREBP
Pp1s120_159V6.1;MYB
Pp1s120_159V6.2;MYB
Pp1s120_75V6.1;PHD
Pp1s121_120V6.1;E2F/DP
Pp1s121_146V6.1;ABI3/VP1
Pp1s121_33V6.1;C2C2_GATA
Pp1s121_36V6.1;C2C2_GATA
Pp1s121_50V6.1;AP2/EREBP
Pp1s122_129V6.1;Sin3
Pp1s122_34V6.1;C2C2_GATA
Pp1s122_34V6.2;C2C2_GATA
Pp1s123_125V6.1;SNF2
Pp1s123_132V6.1;SET
Pp1s123_139V6.1;C3H
Pp1s123_2V6.1;bHLH
Pp1s123_2V6.2;bHLH
Pp1s123_2V6.3;bHLH
Pp1s123_2V6.4;bHLH
Pp1s124_108V6.1;RB
Pp1s124_139V6.1;C2C2_Dof
Pp1s124_18V6.1;bHLH
Pp1s124_23V6.1;bHLH
Pp1s124_33V6.1;AP2/EREBP
Pp1s125_69V6.1;C2H2
Pp1s126_141V6.1;Sigma70-like
Pp1s126_141V6.2;Sigma70-like
Pp1s126_196V6.1;bZIP
Pp1s126_196V6.2;bZIP
Pp1s126_30V6.1;AP2/EREBP
Pp1s127_125V6.1;Jumonji
Pp1s127_39V6.1;GNAT
Pp1s127_75V6.1;AP2/EREBP
Pp1s128_79V6.1;RWP-RK
Pp1s128_8V6.1;MYB
Pp1s129_63V6.2;Zinc finger, MIZ type
Pp1s129_63V6.3;Zinc finger, MIZ type
Pp1s12_244V6.1;GRAS
Pp1s12_316V6.1;SET
Pp1s12_316V6.2;SET
Pp1s12_320V6.1;RWP-RK
Pp1s12_321V6.1;RWP-RK
Pp1s12_355V6.1;AS2/LOB
Pp1s12_355V6.2;AS2/LOB
Pp1s12_364V6.1;C2C2_Dof
Pp1s12_364V6.2;C2C2_Dof
Pp1s12_364V6.3;C2C2_Dof
Pp1s12_3V6.1;zf_HD
Pp1s12_404V6.1;C2C2_CO-like
Pp1s12_41V6.1;HSF
Pp1s130_106V6.1;AP2/EREBP
Pp1s130_10V6.1;bHLH
Pp1s130_153V6.1;GRAS
Pp1s130_22V6.1;bHLH
Pp1s130_254V6.1;Zinc finger, AN1 and A20 type
Pp1s130_58V6.1;GRAS
Pp1s130_63V6.1;GRAS
Pp1s131_109V6.1;ARID
Pp1s131_131V6.1;AP2/EREBP
Pp1s131_139V6.1;AP2/EREBP
Pp1s131_64V6.1;DUF246 domain containing
Pp1s132_152V6.1;bHLH
Pp1s132_179V6.1;RRN3
Pp1s132_19V6.1;SNF2
Pp1s132_34V6.1;AP2/EREBP
Pp1s132_34V6.2;AP2/EREBP
Pp1s132_65V6.1;E2F/DP
Pp1s133_11V6.1;AP2/EREBP
Pp1s133_30V6.1;SET
Pp1s133_46V6.1;PHD
Pp1s133_56V6.1;ARF
Pp1s133_60V6.1;PLATZ
Pp1s133_87V6.1;MYB
Pp1s133_87V6.2;MYB
Pp1s134_164V6.1;MYB-related
Pp1s134_49V6.1;AS2/LOB
Pp1s134_91V6.1;TRAF
Pp1s135_32V6.1;C3H
Pp1s135_69V6.1;AP2/EREBP
Pp1s135_80V6.1;WRKY
Pp1s136_122V6.1;Trihelix
Pp1s136_208V6.1;MYB-related
Pp1s136_219V6.1;AP2/EREBP
Pp1s136_27V6.1;bHLH
Pp1s136_27V6.2;bHLH
Pp1s136_28V6.1;mTERF
Pp1s136_5V6.2;C3H
Pp1s136_72V6.1;SNF2
Pp1s136_98V6.1;LIM
Pp1s137_199V6.1;GARP_G2-like
Pp1s137_203V6.1;GARP_G2-like
Pp1s137_220V6.1;Zinc finger, MIZ type
Pp1s137_252V6.1;WRKY
Pp1s138_148V6.1;TRAF
Pp1s138_166V6.1;PHD
Pp1s138_176V6.1;C2H2
Pp1s138_190V6.1;AP2/EREBP
Pp1s138_60V6.1;Zinc finger, AN1 and A20 type
Pp1s138_68V6.1;bHLH
Pp1s139_105V6.1;TRAF
Pp1s13_145V6.1;C2H2
Pp1s13_201V6.1;MYB
Pp1s13_201V6.2;MYB
Pp1s13_270V6.1;GARP_G2-like
Pp1s13_304V6.1;bHLH
Pp1s13_304V6.2;bHLH
Pp1s13_318V6.1;C2H2
Pp1s13_332V6.1;C3H
Pp1s13_348V6.1;C2H2
Pp1s13_457V6.1;AP2/EREBP
Pp1s13_7V6.1;SET
Pp1s13_89V6.1;AS2/LOB
Pp1s140_167V6.1;AP2/EREBP
Pp1s140_48V6.1;bHLH
Pp1s140_87V6.1;WRKY
Pp1s140_93V6.1;NAC
Pp1s141_102V6.1;MBF1
Pp1s141_102V6.2;MBF1
Pp1s141_102V6.3;MBF1
Pp1s141_40V6.1;MYB
Pp1s141_56V6.1;PLATZ
Pp1s141_97V6.1;GARP_G2-like
Pp1s143_29V6.1;BES1
Pp1s143_30V6.1;GARP_G2-like
Pp1s143_36V6.1;CCAAT_Hap5
Pp1s143_44V6.1;MYB
Pp1s143_52V6.1;C2C2_CO-like
Pp1s143_55V6.1;MYB
Pp1s143_73V6.1;HD-Zip
Pp1s143_82V6.1;ABI3/VP1
Pp1s144_102V6.1;AS2/LOB
Pp1s144_109V6.1;HRT
Pp1s144_114V6.1;GRAS
Pp1s145_10V6.1;AP2/EREBP
Pp1s145_53V6.1;C3H
Pp1s145_60V6.1;Sir2
Pp1s145_69V6.1;bHLH
Pp1s145_84V6.1;SWI/SNF_SWI3
Pp1s146_84V6.1;TRAF
Pp1s147_126V6.1;bHLH
Pp1s147_126V6.2;bHLH
Pp1s147_136V6.1;bHLH
Pp1s147_89V6.1;bZIP
Pp1s147_89V6.2;bZIP
Pp1s147_89V6.3;bZIP
Pp1s147_89V6.4;bZIP
Pp1s148_126V6.1;CCAAT_Hap3
Pp1s148_148V6.1;Argonaute
Pp1s148_71V6.1;TRAF
Pp1s149_14V6.1;SOH1
Pp1s149_14V6.2;SOH1
Pp1s149_14V6.3;SOH1
Pp1s149_14V6.4;SOH1
Pp1s149_164V6.1;MYB
Pp1s149_180V6.1;C2C2_Dof
Pp1s149_253V6.1;AP2/EREBP
Pp1s14_187V6.1;C2H2
Pp1s14_196V6.1;AP2/EREBP
Pp1s14_212V6.1;C3H
Pp1s14_277V6.1;C3H
Pp1s14_303V6.1;AP2/EREBP
Pp1s14_367V6.1;SNF2
Pp1s14_392V6.1;ARF
Pp1s14_439V6.1;AP2/EREBP
Pp1s14_458V6.1;AP2/EREBP
Pp1s14_91V6.1;C3H
Pp1s150_133V6.1;bZIP
Pp1s150_13V6.1;MYB
Pp1s151_41V6.1;MYB
Pp1s152_10V6.1;MYB-related
Pp1s152_91V6.1;TUB
Pp1s152_93V6.1;TUB
Pp1s152_93V6.2;TUB
Pp1s153_189V6.1;zf_HD
Pp1s154_11V6.1;C3H
Pp1s154_145V6.1;HD-Zip
Pp1s154_145V6.2;HD-Zip
Pp1s154_17V6.1;OFP
Pp1s154_83V6.1;HB_KNOX
Pp1s155_21V6.1;AP2/EREBP
Pp1s155_61V6.3;SNF2
Pp1s155_82V6.1;bHLH
Pp1s156_26V6.1;AS2/LOB
Pp1s157_16V6.1;DUF296 and HMG DNA-binding domain containing
Pp1s157_16V6.2;DUF296 and HMG DNA-binding domain containing
Pp1s157_25V6.1;AS2/LOB
Pp1s157_29V6.1;WRKY
Pp1s157_93V6.1;SWI/SNF_BAF60b
Pp1s158_113V6.1;bZIP
Pp1s158_113V6.2;bZIP
Pp1s158_117V6.1;bZIP
Pp1s158_124V6.1;GIF
Pp1s158_124V6.2;GIF
Pp1s158_124V6.3;GIF
Pp1s158_124V6.4;GIF
Pp1s158_166V6.1;WRKY
Pp1s158_37V6.1;SNF2
Pp1s158_8V6.1;CCAAT_Hap5
Pp1s159_105V6.1;WRKY
Pp1s159_13V6.1;C2H2
Pp1s159_144V6.1;SET
Pp1s159_28V6.1;bHLH
Pp1s159_32V6.1;CCAAT_Hap5
Pp1s159_32V6.2;CCAAT_Hap5
Pp1s159_32V6.3;CCAAT_Hap5
Pp1s159_32V6.4;CCAAT_Hap5
Pp1s159_57V6.1;NAC
Pp1s15_11V6.1;HB
Pp1s15_14V6.1;C3H
Pp1s15_14V6.2;C3H
Pp1s15_168V6.1;tify
Pp1s15_170V6.1;tify
Pp1s15_186V6.1;AP2/EREBP
Pp1s15_189V6.1;AP2/EREBP
Pp1s15_200V6.1;NAC
Pp1s15_214V6.1;AP2/EREBP
Pp1s15_234V6.1;AP2/EREBP
Pp1s15_262V6.1;Rcd1-like
Pp1s15_37V6.1;HB
Pp1s15_480V6.1;AP2/EREBP
Pp1s15_49V6.1;DUF632 and DUF630 domain containing
Pp1s15_90V6.1;Sir2
Pp1s15_90V6.2;Sir2
Pp1s15_94V6.1;SNF2
Pp1s15_97V6.1;C3H
Pp1s15_97V6.2;C3H
Pp1s160_107V6.1;GNAT
Pp1s160_12V6.1;AP2/EREBP
Pp1s160_45V6.1;BSD domain containing
Pp1s160_61V6.1;MYB
Pp1s160_6V6.1;MYB-related
Pp1s161_73V6.1;NAC
Pp1s162_133V6.1;C2H2
Pp1s162_16V6.1;FHA
Pp1s162_50V6.1;C2H2
Pp1s162_7V6.1;ABI3/VP1
Pp1s162_92V6.1;AP2/EREBP
Pp1s163_112V6.1;WRKY
Pp1s163_112V6.2;WRKY
Pp1s163_119V6.1;ARF
Pp1s163_70V6.1;MADS
Pp1s163_73V6.1;MADS
Pp1s163_90V6.1;S1Fa-like
Pp1s163_95V6.1;bHLH
Pp1s164_25V6.1;NAC
Pp1s164_33V6.1;NAC
Pp1s164_37V6.1;NAC
Pp1s164_82V6.1;bHLH
Pp1s165_109V6.1;zf_HD
Pp1s165_136V6.1;C3H
Pp1s165_14V6.1;C3H
Pp1s165_3V6.1;C2H2
Pp1s165_67V6.1;MYB-related
Pp1s165_77V6.1;GRAS
Pp1s165_99V6.1;GRAS
Pp1s166_101V6.1;SNF2
Pp1s166_107V6.1;GARP_G2-like
Pp1s166_32V6.1;BSD domain containing
Pp1s166_34V6.1;WRKY
Pp1s166_69V6.1;GARP_G2-like
Pp1s167_124V6.1;bHLH
Pp1s167_128V6.1;C2C2_GATA
Pp1s167_34V6.1;AS2/LOB
Pp1s167_34V6.2;AS2/LOB
Pp1s167_8V6.1;ABI3/VP1
Pp1s168_33V6.1;SNF2
Pp1s169_16V6.1;TRAF
Pp1s169_171V6.1;C2C2_Dof
Pp1s169_171V6.2;C2C2_Dof
Pp1s16_107V6.1;mTERF
Pp1s16_138V6.1;bZIP
Pp1s16_214V6.1;Sir2
Pp1s16_281V6.1;MYB
Pp1s16_393V6.1;GARP_ARR-B
Pp1s16_402V6.1;GRAS
Pp1s16_412V6.1;Zinc finger, MIZ type
Pp1s16_71V6.1;FHA
Pp1s16_84V6.1;TRAF
Pp1s170_42V6.1;C2C2_Dof
Pp1s170_42V6.2;C2C2_Dof
Pp1s170_63V6.1;ABI3/VP1
Pp1s170_78V6.1;AS2/LOB
Pp1s170_93V6.1;AS2/LOB
Pp1s171_11V6.1;PHD
Pp1s171_71V6.1;MADS
Pp1s172_68V6.1;E2F/DP
Pp1s172_90V6.1;C2H2
Pp1s173_134V6.1;Argonaute
Pp1s173_143V6.1;ABI3/VP1
Pp1s173_14V6.1;DUF246 domain containing
Pp1s173_152V6.1;ABI3/VP1
Pp1s173_3V6.1;PHD
Pp1s173_83V6.1;bHLH
Pp1s173_90V6.1;HB
Pp1s173_9V6.1;C2H2
Pp1s174_63V6.1;SET
Pp1s174_63V6.2;SET
Pp1s174_79V6.1;AP2/EREBP
Pp1s174_93V6.1;C2H2
Pp1s175_16V6.1;GRAS
Pp1s175_59V6.1;tify
Pp1s175_59V6.2;tify
Pp1s176_113V6.1;MYB-related
Pp1s176_113V6.2;MYB-related
Pp1s176_5V6.1;MYB-related
Pp1s176_88V6.1;MYB-related
Pp1s176_88V6.2;MYB-related
Pp1s177_76V6.1;C2C2_Dof
Pp1s177_93V6.1;C3H
Pp1s178_145V6.1;Sin3
Pp1s178_148V6.1;Sin3
Pp1s179_56V6.1;AP2/EREBP
Pp1s179_63V6.1;ABI3/VP1
Pp1s17_105V6.1;ARID
Pp1s17_113V6.1;FHA
Pp1s17_137V6.1;AP2/EREBP
Pp1s17_153V6.1;GNAT
Pp1s17_153V6.2;GNAT
Pp1s17_322V6.1;C3H
Pp1s17_332V6.1;AP2/EREBP
Pp1s17_392V6.1;SET
Pp1s17_52V6.1;GRAS
Pp1s181_117V6.1;SET
Pp1s181_25V6.1;CCAAT_Dr1
Pp1s181_36V6.1;GRAS
Pp1s181_69V6.1;AP2/EREBP
Pp1s182_37V6.1;NAC
Pp1s182_7V6.1;bHLH
Pp1s182_7V6.2;bHLH
Pp1s182_7V6.3;bHLH
Pp1s182_7V6.4;bHLH
Pp1s183_112V6.1;AP2/EREBP
Pp1s183_22V6.1;SET
Pp1s183_93V6.1;C2H2
Pp1s183_93V6.2;C2H2
Pp1s183_93V6.3;C2H2
Pp1s184_21V6.1;AUX/IAA
Pp1s184_36V6.1;AS2/LOB
Pp1s184_45V6.1;PHD
Pp1s185_107V6.1;RRN3
Pp1s185_120V6.1;bHLH
Pp1s185_41V6.1;GNAT
Pp1s186_22V6.1;HRT
Pp1s186_70V6.1;MYB
Pp1s186_7V6.1;C2H2
Pp1s187_47V6.1;AP2/EREBP
Pp1s188_107V6.1;MYB-related
Pp1s188_107V6.2;MYB-related
Pp1s188_107V6.3;MYB-related
Pp1s188_92V6.1;CAMTA
Pp1s188_92V6.2;CAMTA
Pp1s188_95V6.1;HB
Pp1s189_104V6.2;bZIP
Pp1s189_29V6.1;MYB
Pp1s18_124V6.1;MYB-related
Pp1s18_200V6.1;mTERF
Pp1s190_23V6.1;AS2/LOB
Pp1s190_33V6.1;DUF296 and HMG DNA-binding domain containing
Pp1s190_36V6.1;SET
Pp1s191_100V6.1;C2H2
Pp1s192_67V6.1;AS2/LOB
Pp1s192_8V6.1;C2H2
Pp1s192_99V6.1;Trihelix
Pp1s193_30V6.1;CPP
Pp1s193_70V6.1;TAZ
Pp1s194_53V6.1;SBP
Pp1s194_57V6.1;SBP
Pp1s194_61V6.1;SBP
Pp1s194_74V6.1;Zinc finger, AN1 and A20 type
Pp1s194_88V6.1;bHLH
Pp1s194_88V6.2;bHLH
Pp1s195_13V6.1;PHD
Pp1s195_2V6.1;C3H
Pp1s195_38V6.1;AP2/EREBP
Pp1s195_75V6.1;WRKY
Pp1s195_82V6.1;C2C2_CO-like
Pp1s195_82V6.2;C2C2_CO-like
Pp1s195_82V6.3;C2C2_CO-like
Pp1s196_66V6.1;SET
Pp1s197_153V6.1;GRAS
Pp1s197_19V6.1;SNF2
Pp1s198_135V6.1;MYB-related
Pp1s198_149V6.1;MADS
Pp1s198_151V6.1;MADS
Pp1s198_83V6.1;WRKY
Pp1s199_36V6.1;HMG
Pp1s199_50V6.1;AP2/EREBP
Pp1s199_87V6.1;C2C2_Dof
Pp1s19_109V6.1;SRS
Pp1s19_153V6.1;HSF
Pp1s19_179V6.1;Argonaute
Pp1s19_217V6.1;AS2/LOB
Pp1s19_272V6.1;AP2/EREBP
Pp1s19_325V6.1;Trihelix
Pp1s19_341V6.1;Trihelix
Pp1s19_59V6.1;bHLH
Pp1s19_81V6.1;MYB-related
Pp1s1_147V6.1;PHD
Pp1s1_263V6.1;bHLH
Pp1s1_286V6.1;C2C2_Dof
Pp1s1_349V6.1;MYB-related
Pp1s1_34V6.1;AP2/EREBP
Pp1s1_402V6.1;C2H2
Pp1s1_447V6.1;NAC
Pp1s1_480V6.1;bHLH
Pp1s1_529V6.1;PLATZ
Pp1s1_567V6.1;DUF547 domain containing
Pp1s1_711V6.1;GRAS
Pp1s1_723V6.1;C2H2
Pp1s1_770V6.1;TFb2
Pp1s1_778V6.1;TRAF
Pp1s1_784V6.1;GIF
Pp1s1_78V6.1;MYB
Pp1s1_860V6.1;AP2/EREBP
Pp1s200_107V6.1;C2C2_CO-like
Pp1s200_118V6.1;DDT
Pp1s200_41V6.1;MYB
Pp1s200_73V6.1;C2C2_Dof
Pp1s201_58V6.1;NAC
Pp1s201_75V6.1;GARP_G2-like
Pp1s203_33V6.1;HB
Pp1s203_51V6.1;AS2/LOB
Pp1s203_59V6.1;C2H2
Pp1s203_68V6.1;PHD
Pp1s204_138V6.1;DUF296 and HMG DNA-binding domain containing
Pp1s204_138V6.2;DUF296 and HMG DNA-binding domain containing
Pp1s204_138V6.3;DUF296 and HMG DNA-binding domain containing
Pp1s204_13V6.1;MYB
Pp1s204_26V6.1;GNAT
Pp1s204_30V6.1;DUF246 domain containing
Pp1s204_42V6.1;AP2/EREBP
Pp1s204_48V6.1;PLATZ
Pp1s204_77V6.1;C3H
Pp1s205_1V6.1;GRAS
Pp1s205_22V6.1;TRAF
Pp1s206_122V6.1;bZIP
Pp1s206_123V6.1;bZIP
Pp1s206_27V6.1;MYB
Pp1s206_91V6.1;GNAT
Pp1s207_110V6.1;TCP
Pp1s207_20V6.1;HSF
Pp1s208_2V6.1;MYB-related
Pp1s209_10V6.1;HB
Pp1s209_130V6.1;MADS
Pp1s209_130V6.2;MADS
Pp1s209_130V6.3;MADS
Pp1s209_22V6.1;bHLH
Pp1s209_22V6.2;bHLH
Pp1s20_116V6.1;bZIP
Pp1s20_118V6.1;bZIP
Pp1s20_119V6.1;bZIP
Pp1s20_122V6.1;C3H
Pp1s20_184V6.1;AP2/EREBP
Pp1s20_204V6.1;GNAT
Pp1s20_272V6.1;FHA
Pp1s20_328V6.1;C2H2
Pp1s20_64V6.1;GNAT
Pp1s20_64V6.2;GNAT
Pp1s20_86V6.1;GRAS
Pp1s210_60V6.1;C2H2
Pp1s210_65V6.1;C2H2
Pp1s210_74V6.1;C2H2
Pp1s211_139V6.1;MYB
Pp1s211_149V6.1;ARID
Pp1s211_76V6.1;bHLH
Pp1s211_76V6.2;bHLH
Pp1s212_105V6.1;TUB
Pp1s212_117V6.1;PHD
Pp1s212_118V6.1;PHD
Pp1s212_24V6.1;Sin3
Pp1s212_41V6.1;SNF2
Pp1s213_13V6.2;bZIP
Pp1s213_60V6.1;bHLH
Pp1s213_60V6.2;bHLH
Pp1s213_60V6.3;bHLH
Pp1s213_67V6.1;GRAS
Pp1s214_65V6.1;TRAF
Pp1s215_23V6.1;MYB-related
Pp1s215_43V6.1;DUF246 domain containing
Pp1s215_62V6.1;Zinc finger, MIZ type
Pp1s215_64V6.1;AP2/EREBP
Pp1s215_70V6.1;C3H
Pp1s215_70V6.2;C3H
Pp1s217_34V6.1;CCAAT_Hap3
Pp1s217_9V6.1;HB
Pp1s218_121V6.1;GNAT
Pp1s218_20V6.1;MED7
Pp1s218_34V6.1;C2H2
Pp1s218_56V6.1;VOZ
Pp1s218_56V6.2;VOZ
Pp1s219_101V6.1;E2F/DP
Pp1s219_101V6.2;E2F/DP
Pp1s219_23V6.1;C3H
Pp1s219_52V6.1;FHA
Pp1s219_66V6.1;mTERF
Pp1s219_79V6.1;FHA
Pp1s219_84V6.1;MYB
Pp1s21_125V6.1;ABI3/VP1
Pp1s21_14V6.1;mTERF
Pp1s21_177V6.1;FHA
Pp1s21_177V6.3;FHA
Pp1s21_177V6.4;FHA
Pp1s21_214V6.1;AP2/EREBP
Pp1s21_239V6.1;AP2/EREBP
Pp1s21_247V6.1;AP2/EREBP
Pp1s21_320V6.1;AP2/EREBP
Pp1s21_335V6.1;DUF547 domain containing
Pp1s21_358V6.1;PHD
Pp1s21_391V6.1;DDT
Pp1s220_101V6.1;bZIP
Pp1s220_102V6.1;bZIP
Pp1s220_14V6.1;CPP
Pp1s220_67V6.1;HB
Pp1s2211_3V6.1;GNAT
Pp1s221_67V6.1;AP2/EREBP
Pp1s222_14V6.1;TUB
Pp1s222_25V6.1;TUB
Pp1s223_124V6.1;DUF296 and HMG DNA-binding domain containing
Pp1s223_12V6.1;NAC
Pp1s223_12V6.2;NAC
Pp1s223_15V6.1;HMG
Pp1s223_92V6.1;PHD
Pp1s223_99V6.1;PHD
Pp1s224_106V6.1;HB
Pp1s224_109V6.1;Trihelix
Pp1s225_102V6.1;AP2/EREBP
Pp1s225_102V6.2;AP2/EREBP
Pp1s226_110V6.1;GARP_G2-like
Pp1s226_24V6.1;GARP_G2-like
Pp1s226_2V6.1;MYB-related
Pp1s226_47V6.1;tify
Pp1s226_51V6.1;bHLH
Pp1s226_51V6.2;bHLH
Pp1s227_100V6.1;NAC
Pp1s229_25V6.1;PHD
Pp1s229_60V6.1;Trihelix
Pp1s229_60V6.2;Trihelix
Pp1s229_60V6.3;Trihelix
Pp1s229_67V6.1;bHLH
Pp1s229_67V6.2;bHLH
Pp1s22_315V6.1;GNAT
Pp1s22_364V6.1;bZIP
Pp1s22_364V6.2;bZIP
Pp1s22_364V6.3;bZIP
Pp1s22_366V6.1;C2C2_Dof
Pp1s22_373V6.1;C2C2_Dof
Pp1s22_60V6.1;E2F/DP
Pp1s230_85V6.1;zf_HD
Pp1s231_17V6.1;bHLH
Pp1s233_111V6.1;AP2/EREBP
Pp1s233_13V6.1;C3H
Pp1s234_108V6.1;Trihelix
Pp1s234_59V6.1;TRAF
Pp1s235_100V6.1;zf_HD
Pp1s235_100V6.2;zf_HD
Pp1s235_126V6.1;WRKY
Pp1s235_27V6.1;HB_KNOX
Pp1s235_2V6.1;Jumonji
Pp1s235_45V6.1;ARID
Pp1s235_47V6.1;PHD
Pp1s235_76V6.1;PHD
Pp1s236_15V6.2;WRKY
Pp1s236_21V6.1;C2C2_CO-like
Pp1s236_78V6.1;SNF2
Pp1s236_79V6.1;GNAT
Pp1s238_53V6.1;AS2/LOB
Pp1s238_70V6.1;MYB
Pp1s23_249V6.1;PcG_VEFS
Pp1s23_27V6.1;AP2/EREBP
Pp1s23_33V6.1;TRAF
Pp1s23_58V6.1;Zinc finger, AN1 and A20 type
Pp1s23_58V6.2;Zinc finger, AN1 and A20 type
Pp1s23_58V6.3;Zinc finger, AN1 and A20 type
Pp1s23_59V6.1;Zinc finger, AN1 and A20 type
Pp1s23_77V6.1;SBP
Pp1s23_8V6.1;AP2/EREBP
Pp1s240_118V6.1;GRAS
Pp1s240_84V6.1;AP2/EREBP
Pp1s240_85V6.1;C3H
Pp1s240_87V6.1;SWI/SNF_BAF60b
Pp1s240_9V6.1;TRAF
Pp1s241_123V6.1;C3H
Pp1s241_14V6.1;C2C2_GATA
Pp1s241_54V6.2;CPP
Pp1s241_7V6.1;C2C2_GATA
Pp1s242_6V6.1;C3H
Pp1s243_70V6.1;AP2/EREBP
Pp1s243_74V6.1;ABI3/VP1
Pp1s244_32V6.1;tify
Pp1s244_32V6.2;tify
Pp1s244_77V6.1;WRKY
Pp1s245_108V6.1;TRAF
Pp1s245_37V6.1;TRAF
Pp1s245_37V6.2;TRAF
Pp1s245_50V6.1;PHD
Pp1s246_146V6.1;GRF
Pp1s246_16V6.1;C3H
Pp1s246_45V6.1;bHLH
Pp1s246_45V6.3;bHLH
Pp1s246_89V6.1;WRKY
Pp1s249_80V6.1;AP2/EREBP
Pp1s249_80V6.2;AP2/EREBP
Pp1s249_84V6.1;HSF
Pp1s24_189V6.1;GARP_G2-like
Pp1s24_221V6.1;SET
Pp1s24_48V6.1;MYB
Pp1s250_18V6.1;RWP-RK
Pp1s250_38V6.1;RWP-RK
Pp1s251_11V6.1;NAC
Pp1s251_76V6.1;mTERF
Pp1s252_14V6.1;Zinc finger, AN1 and A20 type
Pp1s252_40V6.1;SBP
Pp1s254_44V6.1;C2H2
Pp1s256_11V6.1;MYB
Pp1s256_11V6.2;MYB
Pp1s256_75V6.1;SNF2
Pp1s257_22V6.1;bHLH
Pp1s257_49V6.1;BSD domain containing
Pp1s257_49V6.2;BSD domain containing
Pp1s257_59V6.1;C3H
Pp1s257_83V6.1;MYB
Pp1s257_96V6.1;bZIP
Pp1s258_35V6.1;mTERF
Pp1s258_57V6.1;C3H
Pp1s258_6V6.1;HB
Pp1s258_72V6.1;SWI/SNF_BAF60b
Pp1s258_7V6.1;bZIP
Pp1s259_102V6.1;zf_HD
Pp1s259_104V6.1;AP2/EREBP
Pp1s259_46V6.1;SNF2
Pp1s259_46V6.2;SNF2
Pp1s259_58V6.1;NAC
Pp1s259_67V6.1;NAC
Pp1s259_83V6.1;NAC
Pp1s259_94V6.1;AP2/EREBP
Pp1s259_96V6.1;AP2/EREBP
Pp1s259_97V6.1;AP2/EREBP
Pp1s25_10V6.1;CCAAT_Hap3
Pp1s25_113V6.1;SET
Pp1s25_131V6.1;GARP_G2-like
Pp1s25_13V6.1;AP2/EREBP
Pp1s25_173V6.1;WRKY
Pp1s25_200V6.1;mTERF
Pp1s25_252V6.1;SNF2
Pp1s25_255V6.1;bHLH
Pp1s25_341V6.1;bZIP
Pp1s25_366V6.1;TUB
Pp1s25_366V6.2;TUB
Pp1s25_372V6.1;AP2/EREBP
Pp1s25_89V6.1;CCAAT_Hap3
Pp1s25_89V6.2;CCAAT_Hap3
Pp1s260_3V6.1;MYB-related
Pp1s261_2V6.1;AS2/LOB
Pp1s261_36V6.1;ABI3/VP1
Pp1s261_59V6.1;AP2/EREBP
Pp1s262_27V6.1;Alfin-like
Pp1s262_39V6.1;bHLH
Pp1s263_49V6.1;AP2/EREBP
Pp1s263_66V6.1;AP2/EREBP
Pp1s263_67V6.1;AP2/EREBP
Pp1s265_50V6.1;AP2/EREBP
Pp1s267_24V6.1;C2C2_Dof
Pp1s267_24V6.2;C2C2_Dof
Pp1s267_56V6.1;MADS
Pp1s267_76V6.1;HB
Pp1s269_36V6.1;GARP_G2-like
Pp1s269_3V6.1;C2H2
Pp1s26_246V6.1;RWP-RK
Pp1s26_282V6.1;C2C2_Dof
Pp1s26_306V6.1;AP2/EREBP
Pp1s26_5V6.1;C2C2_CO-like
Pp1s26_90V6.1;MADS
Pp1s270_17V6.1;bHLH
Pp1s271_32V6.1;TAZ
Pp1s271_42V6.1;PHD
Pp1s272_10V6.1;bHLH
Pp1s272_10V6.2;bHLH
Pp1s272_10V6.3;bHLH
Pp1s272_29V6.1;TRAF
Pp1s272_29V6.2;TRAF
Pp1s272_29V6.3;TRAF
Pp1s272_33V6.1;Sir2
Pp1s273_20V6.1;bHLH
Pp1s273_40V6.1;bHLH
Pp1s273_40V6.2;bHLH
Pp1s273_51V6.1;MADS
Pp1s273_52V6.1;SWI/SNF_BAF60b
Pp1s274_47V6.2;C2H2
Pp1s275_15V6.1;GNAT
Pp1s275_87V6.1;bHLH
Pp1s276_12V6.1;Coactivator p15
Pp1s276_27V6.1;Rcd1-like
Pp1s276_3V6.1;AP2/EREBP
Pp1s276_50V6.1;AP2/EREBP
Pp1s276_57V6.1;AP2/EREBP
Pp1s276_57V6.2;AP2/EREBP
Pp1s276_72V6.1;AP2/EREBP
Pp1s277_14V6.1;MYB
Pp1s277_31V6.1;HMG
Pp1s277_88V6.1;PHD
Pp1s278_39V6.1;ABI3/VP1
Pp1s278_39V6.2;ABI3/VP1
Pp1s278_39V6.3;ABI3/VP1
Pp1s279_74V6.1;SNF2
Pp1s279_85V6.1;NAC
Pp1s279_9V6.1;ARF
Pp1s27_190V6.1;ABI3/VP1
Pp1s27_216V6.1;GNAT
Pp1s27_271V6.1;C3H
Pp1s27_273V6.1;bZIP
Pp1s27_359V6.1;GARP_G2-like
Pp1s27_76V6.1;TRAF
Pp1s27_76V6.2;TRAF
Pp1s27_9V6.1;GARP_G2-like
Pp1s280_32V6.1;bHLH
Pp1s280_53V6.1;WRKY
Pp1s280_61V6.1;GRAS
Pp1s280_7V6.1;ARF
Pp1s281_32V6.1;GRAS
Pp1s281_85V6.1;DDT
Pp1s282_23V6.1;PHD
Pp1s282_2V6.1;bZIP
Pp1s282_2V6.2;bZIP
Pp1s282_57V6.1;PHD
Pp1s282_80V6.1;bHLH
Pp1s283_17V6.1;OFP
Pp1s284_37V6.1;PLATZ
Pp1s284_50V6.1;DUF246 domain containing
Pp1s284_57V6.1;MYB
Pp1s285_47V6.1;Trihelix
Pp1s286_28V6.1;C2H2
Pp1s288_38V6.1;CCAAT_Dr1
Pp1s288_4V6.1;NAC
Pp1s289_49V6.1;AP2/EREBP
Pp1s28_129V6.1;SNF2
Pp1s28_144V6.1;AP2/EREBP
Pp1s28_182V6.1;Argonaute
Pp1s28_209V6.1;TRAF
Pp1s28_226V6.1;DUF296 and HMG DNA-binding domain containing
Pp1s28_230V6.1;MYB-related
Pp1s28_230V6.2;MYB-related
Pp1s28_356V6.1;SET
Pp1s28_419V6.1;bHLH
Pp1s28_44V6.1;OFP
Pp1s28_46V6.1;HD-Zip
Pp1s28_54V6.1;HD-Zip
Pp1s28_82V6.1;Sigma70-like
Pp1s28_86V6.1;Sigma70-like
Pp1s291_20V6.1;SNF2
Pp1s291_71V6.1;CPP
Pp1s292_5V6.1;AP2/EREBP
Pp1s293_27V6.1;GNAT
Pp1s293_34V6.1;SNF2
Pp1s293_53V6.1;AP2/EREBP
Pp1s293_60V6.1;AP2/EREBP
Pp1s294_22V6.1;AP2/EREBP
Pp1s294_7V6.1;C2H2
Pp1s295_52V6.1;MYB
Pp1s296_32V6.1;AP2/EREBP
Pp1s296_69V6.1;AP2/EREBP
Pp1s296_7V6.1;AP2/EREBP
Pp1s297_45V6.1;C3H
Pp1s297_51V6.1;C3H
Pp1s298_65V6.1;PHD
Pp1s29_144V6.1;DUF246 domain containing
Pp1s29_23V6.1;GARP_G2-like
Pp1s29_285V6.1;GNAT
Pp1s29_291V6.1;tify
Pp1s29_305V6.1;CPP
Pp1s29_32V6.1;GARP_G2-like
Pp1s29_45V6.1;AP2/EREBP
Pp1s29_45V6.2;AP2/EREBP
Pp1s29_45V6.3;AP2/EREBP
Pp1s29_82V6.1;HB
Pp1s29_84V6.1;Trihelix
Pp1s2_283V6.1;MYB
Pp1s2_311V6.1;PHD
Pp1s2_312V6.1;GARP_G2-like
Pp1s2_357V6.1;HMG
Pp1s2_36V6.1;ARID
Pp1s2_404V6.1;AP2/EREBP
Pp1s2_410V6.1;AP2/EREBP
Pp1s2_490V6.1;C2H2
Pp1s2_539V6.1;WRKY
Pp1s2_55V6.1;MYB
Pp1s2_576V6.1;AP2/EREBP
Pp1s2_60V6.1;MYB
Pp1s2_692V6.1;AP2/EREBP
Pp1s2_72V6.1;bZIP
Pp1s2_775V6.1;MYB
Pp1s2_7V6.1;C2C2_CO-like
Pp1s300_66V6.1;bHLH
Pp1s301_41V6.1;Trihelix
Pp1s301_48V6.1;Trihelix
Pp1s302_35V6.1;CCAAT_Hap3
Pp1s302_35V6.2;CCAAT_Hap3
Pp1s302_35V6.3;CCAAT_Hap3
Pp1s302_35V6.4;CCAAT_Hap3
Pp1s302_35V6.5;CCAAT_Hap3
Pp1s302_35V6.6;CCAAT_Hap3
Pp1s302_9V6.1;RWP-RK
Pp1s303_40V6.1;C2H2
Pp1s304_12V6.1;NAC
Pp1s304_51V6.1;C2H2
Pp1s304_7V6.1;SNF2
Pp1s305_38V6.1;MYB-related
Pp1s306_52V6.1;GARP_G2-like
Pp1s307_14V6.1;PHD
Pp1s30_193V6.1;C3H
Pp1s30_263V6.1;FHA
Pp1s30_284V6.1;AP2/EREBP
Pp1s30_297V6.1;Dicer
Pp1s30_324V6.1;bZIP
Pp1s30_324V6.2;bZIP
Pp1s30_324V6.3;bZIP
Pp1s30_324V6.4;bZIP
Pp1s30_360V6.1;bHLH
Pp1s310_49V6.1;PcG_VEFS
Pp1s311_14V6.1;GNAT
Pp1s311_17V6.1;SET
Pp1s311_30V6.1;GARP_G2-like
Pp1s311_65V6.1;DDT
Pp1s311_65V6.3;DDT
Pp1s311_68V6.1;C3H
Pp1s312_59V6.1;DUF833 domain containing
Pp1s313_41V6.1;MADS
Pp1s313_64V6.1;ABI3/VP1
Pp1s313_65V6.1;PHD
Pp1s313_76V6.1;SBP
Pp1s313_76V6.2;SBP
Pp1s313_81V6.1;MYB
Pp1s314_2V6.1;ABI3/VP1
Pp1s314_39V6.1;PHD
Pp1s314_51V6.1;TAZ
Pp1s314_51V6.3;TAZ
Pp1s315_9V6.1;CCAAT_Hap5
Pp1s315_9V6.2;CCAAT_Hap5
Pp1s315_9V6.3;CCAAT_Hap5
Pp1s316_61V6.1;DUF246 domain containing
Pp1s316_8V6.1;ABI3/VP1
Pp1s3178_1V6.1;GNAT
Pp1s317_10V6.1;SNF2
Pp1s317_55V6.1;MYB
Pp1s317_72V6.1;AP2/EREBP
Pp1s318_4V6.1;GRAS
Pp1s31_105V6.1;TRAF
Pp1s31_108V6.1;bHLH
Pp1s31_112V6.1;AP2/EREBP
Pp1s31_147V6.1;bHLH
Pp1s31_147V6.2;bHLH
Pp1s31_149V6.1;mTERF
Pp1s31_183V6.1;MED6
Pp1s31_183V6.2;MED6
Pp1s31_206V6.1;zf_HD
Pp1s31_240V6.1;bHLH
Pp1s31_240V6.2;bHLH
Pp1s31_240V6.3;bHLH
Pp1s31_242V6.1;ABI3/VP1
Pp1s31_251V6.1;C3H
Pp1s31_251V6.2;C3H
Pp1s31_257V6.1;Trihelix
Pp1s31_269V6.1;HD-Zip
Pp1s31_272V6.1;HD-Zip
Pp1s31_291V6.1;GARP_ARR-B
Pp1s31_299V6.1;CCAAT_Hap2
Pp1s31_317V6.1;GARP_G2-like
Pp1s31_349V6.1;C3H
Pp1s31_35V6.1;GRAS
Pp1s31_35V6.2;GRAS
Pp1s31_380V6.1;bHLH
Pp1s31_388V6.1;HSF
Pp1s31_388V6.2;HSF
Pp1s31_40V6.1;GRAS
Pp1s31_58V6.1;bHLH
Pp1s31_96V6.1;HD-Zip
Pp1s323_30V6.1;PHD
Pp1s324_10V6.1;GNAT
Pp1s324_56V6.1;GRAS
Pp1s325_51V6.1;HD-Zip
Pp1s325_68V6.1;MYB-related
Pp1s325_74V6.1;C2H2
Pp1s325_77V6.1;Zinc finger, AN1 and A20 type
Pp1s326_30V6.1;TRAF
Pp1s326_37V6.1;MYB
Pp1s327_51V6.1;bHLH
Pp1s327_64V6.1;NAC
Pp1s328_42V6.1;GNAT
Pp1s32_226V6.1;C2C2_GATA
Pp1s32_243V6.1;C2C2_GATA
Pp1s32_259V6.1;ABI3/VP1
Pp1s32_275V6.1;PHD
Pp1s32_65V6.1;AP2/EREBP
Pp1s32_66V6.1;GARP_G2-like
Pp1s331_44V6.1;GARP_G2-like
Pp1s332_23V6.1;GNAT
Pp1s332_35V6.1;TCP
Pp1s333_32V6.1;C3H
Pp1s334_66V6.1;BES1
Pp1s335_68V6.1;BES1
Pp1s335_8V6.1;AP2/EREBP
Pp1s337_52V6.1;SBP
Pp1s338_18V6.1;TRAF
Pp1s338_32V6.1;PHD
Pp1s339_18V6.1;C2H2
Pp1s339_47V6.1;ARF
Pp1s33_139V6.1;GARP_G2-like
Pp1s33_238V6.1;bHLH
Pp1s33_301V6.1;bZIP
Pp1s33_301V6.2;bZIP
Pp1s33_30V6.1;C2H2
Pp1s33_329V6.1;PHD
Pp1s33_357V6.1;HB_KNOX
Pp1s33_375V6.1;mTERF
Pp1s33_92V6.1;C2H2
Pp1s340_16V6.1;AP2/EREBP
Pp1s341_43V6.1;C2C2_Dof
Pp1s341_43V6.2;C2C2_Dof
Pp1s341_43V6.3;C2C2_Dof
Pp1s341_4V6.1;ARF
Pp1s341_4V6.2;ARF
Pp1s341_67V6.1;SNF2
Pp1s341_85V6.1;MYB-related
Pp1s342_36V6.1;ARID
Pp1s344_29V6.1;ABI3/VP1
Pp1s344_39V6.1;GRF
Pp1s344_48V6.1;MYB
Pp1s344_48V6.2;MYB
Pp1s345_35V6.1;AP2/EREBP
Pp1s346_13V6.1;GRAS
Pp1s346_13V6.2;GRAS
Pp1s346_13V6.3;GRAS
Pp1s346_13V6.4;GRAS
Pp1s346_13V6.5;GRAS
Pp1s348_6V6.1;TCP
Pp1s349_1V6.1;TRAF
Pp1s34_152V6.1;PHD
Pp1s34_164V6.1;GNAT
Pp1s34_164V6.2;GNAT
Pp1s34_212V6.1;SNF2
Pp1s34_227V6.1;bHLH
Pp1s34_235V6.1;ABI3/VP1
Pp1s34_257V6.1;C2H2
Pp1s34_27V6.1;HMG
Pp1s34_303V6.1;ABI3/VP1
Pp1s34_317V6.1;HD-Zip
Pp1s34_327V6.1;HD-Zip
Pp1s34_338V6.1;OFP
Pp1s34_370V6.1;SNF2
Pp1s34_373V6.1;MADS
Pp1s34_376V6.1;MADS
Pp1s34_37V6.1;SBP
Pp1s34_387V6.1;Sigma70-like
Pp1s34_425V6.1;S1Fa-like
Pp1s34_67V6.1;DUF547 domain containing
Pp1s34_82V6.1;ABI3/VP1
Pp1s34_90V6.1;bZIP
Pp1s34_90V6.2;bZIP
Pp1s34_90V6.3;bZIP
Pp1s351_46V6.1;C2C2_Dof
Pp1s351_46V6.2;C2C2_Dof
Pp1s351_46V6.3;C2C2_Dof
Pp1s355_21V6.1;ARID
Pp1s355_22V6.1;bZIP
Pp1s355_24V6.1;bZIP
Pp1s356_18V6.1;Sir2
Pp1s356_40V6.1;TCP
Pp1s356_46V6.1;DUF547 domain containing
Pp1s357_12V6.1;AP2/EREBP
Pp1s357_38V6.1;BSD domain containing
Pp1s358_43V6.1;C3H
Pp1s358_47V6.1;BSD domain containing
Pp1s359_32V6.1;GRAS
Pp1s359_34V6.1;GRAS
Pp1s359_44V6.1;C2H2
Pp1s35_152V6.1;CAMTA
Pp1s35_215V6.1;MBF1
Pp1s35_283V6.1;GNAT
Pp1s35_283V6.2;GNAT
Pp1s35_284V6.1;PLATZ
Pp1s35_336V6.1;WRKY
Pp1s35_336V6.2;WRKY
Pp1s35_338V6.1;AS2/LOB
Pp1s35_345V6.1;DUF296 and HMG DNA-binding domain containing
Pp1s35_345V6.2;DUF296 and HMG DNA-binding domain containing
Pp1s35_401V6.1;WRKY
Pp1s35_42V6.1;CCAAT_Hap5
Pp1s35_69V6.1;C2C2_CO-like
Pp1s35_92V6.1;GNAT
Pp1s360_39V6.1;SNF2
Pp1s362_27V6.1;GARP_ARR-B
Pp1s362_33V6.1;GRAS
Pp1s363_10V6.1;Sin3
Pp1s364_42V6.1;E2F/DP
Pp1s364_5V6.1;C2C2_CO-like
Pp1s365_10V6.1;TAZ
Pp1s369_16V6.1;OFP
Pp1s36_131V6.1;GRAS
Pp1s36_198V6.1;MYB
Pp1s36_216V6.1;mTERF
Pp1s36_238V6.1;C2C2_CO-like
Pp1s36_309V6.1;WRKY
Pp1s36_325V6.1;TRAF
Pp1s36_347V6.1;FHA
Pp1s36_43V6.1;MYB
Pp1s370_63V6.1;CCAAT_Hap5
Pp1s370_63V6.2;CCAAT_Hap5
Pp1s370_63V6.3;CCAAT_Hap5
Pp1s371_27V6.1;C2C2_CO-like
Pp1s371_38V6.1;bHLH
Pp1s371_53V6.1;Alfin-like
Pp1s371_53V6.2;Alfin-like
Pp1s371_62V6.1;bHLH
Pp1s371_6V6.1;MYB
Pp1s373_11V6.1;SRS
Pp1s373_18V6.1;AP2/EREBP
Pp1s374_36V6.1;C3H
Pp1s375_12V6.1;TRAF
Pp1s376_54V6.1;DUF246 domain containing
Pp1s376_7V6.1;SET
Pp1s377_42V6.1;bHLH
Pp1s37_126V6.1;bHLH
Pp1s37_156V6.1;TRAF
Pp1s37_226V6.1;GARP_G2-like
Pp1s37_244V6.1;C2H2
Pp1s37_244V6.2;C2H2
Pp1s37_293V6.1;AP2/EREBP
Pp1s37_317V6.1;GNAT
Pp1s37_317V6.2;GNAT
Pp1s37_353V6.1;MADS
Pp1s37_43V6.1;E2F/DP
Pp1s37_7V6.1;C2C2_Dof
Pp1s380_13V6.1;C3H
Pp1s382_35V6.1;MYB-related
Pp1s383_20V6.1;FHA
Pp1s384_18V6.1;DUF547 domain containing
Pp1s384_37V6.1;PHD
Pp1s385_53V6.1;C2C2_Dof
Pp1s386_12V6.1;bHLH
Pp1s387_8V6.1;RWP-RK
Pp1s389_40V6.1;MYB
Pp1s389_41V6.1;MYB
Pp1s38_120V6.1;bHLH
Pp1s38_137V6.1;Alfin-like
Pp1s38_148V6.1;bHLH
Pp1s38_167V6.1;SET
Pp1s38_206V6.1;C2H2
Pp1s38_221V6.1;PHD
Pp1s38_257V6.1;AP2/EREBP
Pp1s38_262V6.1;AP2/EREBP
Pp1s38_310V6.1;bZIP
Pp1s38_356V6.1;E2F/DP
Pp1s391_54V6.1;GARP_G2-like
Pp1s392_2V6.1;C2C2_Dof
Pp1s392_2V6.2;C2C2_Dof
Pp1s392_41V6.1;TRAF
Pp1s398_25V6.1;SWI/SNF_SWI3
Pp1s398_25V6.2;SWI/SNF_SWI3
Pp1s39_212V6.1;WRKY
Pp1s39_217V6.1;WRKY
Pp1s39_263V6.1;Trihelix
Pp1s39_272V6.1;C2H2
Pp1s39_301V6.1;MYB
Pp1s39_345V6.1;GNAT
Pp1s39_431V6.1;Trihelix
Pp1s39_62V6.1;C2H2
Pp1s3_118V6.1;ABI3/VP1
Pp1s3_150V6.1;bZIP
Pp1s3_150V6.2;bZIP
Pp1s3_173V6.1;SET
Pp1s3_254V6.1;OFP
Pp1s3_323V6.1;bHLH
Pp1s3_329V6.1;C2C2_GATA
Pp1s3_401V6.1;bZIP
Pp1s3_476V6.2;SNF2
Pp1s3_491V6.1;C2C2_CO-like
Pp1s3_491V6.2;C2C2_CO-like
Pp1s3_539V6.1;zf_HD
Pp1s3_596V6.1;PLATZ
Pp1s3_605V6.1;PLATZ
Pp1s3_639V6.1;SNF2
Pp1s400_14V6.1;C2H2
Pp1s401_18V6.1;MYB-related
Pp1s403_14V6.1;PHD
Pp1s403_48V6.1;Sin3
Pp1s4072_2V6.1;GNAT
Pp1s407_13V6.1;C2H2
Pp1s407_20V6.1;Trihelix
Pp1s407_55V6.1;WRKY
Pp1s407_5V6.1;Trihelix
Pp1s409_32V6.1;CCAAT_Hap5
Pp1s410_8V6.1;C2C2_GATA
Pp1s412_23V6.1;Pseudo ARR-B
Pp1s412_30V6.1;PHD
Pp1s412_35V6.1;Pseudo ARR-B
Pp1s415_15V6.1;Zinc finger, AN1 and A20 type
Pp1s419_32V6.1;HB
Pp1s41_170V6.1;Alfin-like
Pp1s41_174V6.1;SNF2
Pp1s41_189V6.1;BES1
Pp1s41_212V6.1;AP2/EREBP
Pp1s41_292V6.1;C3H
Pp1s41_32V6.1;HB
Pp1s41_32V6.2;HB
Pp1s41_47V6.1;AS2/LOB
Pp1s41_68V6.1;CSD
Pp1s41_83V6.1;DUF632 and DUF630 domain containing
Pp1s420_4V6.1;MYB
Pp1s426_15V6.1;DUF547 domain containing
Pp1s426_27V6.1;WRKY
Pp1s426_30V6.1;WRKY
Pp1s42_132V6.1;ABI3/VP1
Pp1s42_134V6.1;C2H2
Pp1s42_136V6.1;bHLH
Pp1s42_136V6.2;bHLH
Pp1s42_157V6.1;HSF
Pp1s42_157V6.2;HSF
Pp1s42_161V6.1;GARP_ARR-B
Pp1s42_169V6.1;WRKY
Pp1s42_174V6.1;CCAAT_Hap2
Pp1s42_183V6.1;C3H
Pp1s42_217V6.1;HD-Zip
Pp1s42_219V6.1;HD-Zip
Pp1s42_248V6.1;NAC
Pp1s42_67V6.1;C2H2
Pp1s42_75V6.1;PHD
Pp1s42_87V6.1;TRAF
Pp1s42_9V6.1;AS2/LOB
Pp1s431_27V6.1;HD-Zip
Pp1s431_31V6.1;TRAF
Pp1s432_11V6.1;MYB-related
Pp1s433_19V6.1;MYB
Pp1s433_28V6.1;Argonaute
Pp1s434_17V6.1;ABI3/VP1
Pp1s434_19V6.1;ABI3/VP1
Pp1s434_2V6.1;DUF547 domain containing
Pp1s43_165V6.1;MYB-related
Pp1s43_228V6.1;C2H2
Pp1s43_233V6.1;C3H
Pp1s43_253V6.1;C3H
Pp1s441_8V6.1;PLATZ
Pp1s442_10V6.1;tify
Pp1s442_10V6.2;tify
Pp1s442_14V6.1;tify
Pp1s444_4V6.1;PHD
Pp1s446_21V6.1;TCP
Pp1s447_20V6.1;bZIP
Pp1s449_10V6.1;FHA
Pp1s44_137V6.1;FHA
Pp1s44_16V6.1;SET
Pp1s44_300V6.1;NAC
Pp1s44_300V6.2;NAC
Pp1s44_325V6.1;DUF246 domain containing
Pp1s450_8V6.1;AP2/EREBP
Pp1s452_20V6.1;SNF2
Pp1s452_6V6.1;DUF246 domain containing
Pp1s454_12V6.1;HB
Pp1s454_4V6.1;AS2/LOB
Pp1s456_3V6.1;GRAS
Pp1s456_3V6.2;GRAS
Pp1s456_7V6.1;SET
Pp1s458_16V6.1;PHD
Pp1s45_118V6.1;GNAT
Pp1s45_150V6.1;MYB
Pp1s45_159V6.1;AP2/EREBP
Pp1s45_204V6.1;DUF296 and HMG DNA-binding domain containing
Pp1s45_2V6.1;SNF2
Pp1s45_33V6.2;LUG
Pp1s45_38V6.1;LUG
Pp1s45_72V6.1;DUF547 domain containing
Pp1s462_17V6.1;TAZ
Pp1s462_7V6.1;CCAAT_Hap3
Pp1s469_4V6.1;DUF296 and HMG DNA-binding domain containing
Pp1s469_4V6.2;DUF296 and HMG DNA-binding domain containing
Pp1s469_4V6.3;DUF296 and HMG DNA-binding domain containing
Pp1s469_7V6.1;SET
Pp1s46_114V6.1;DUF547 domain containing
Pp1s46_114V6.2;DUF547 domain containing
Pp1s46_208V6.1;NAC
Pp1s46_251V6.1;ABI3/VP1
Pp1s46_272V6.1;MYB-related
Pp1s46_296V6.1;DUF246 domain containing
Pp1s46_302V6.1;MYB
Pp1s471_2V6.1;MYB-related
Pp1s47_14V6.1;SBP
Pp1s47_14V6.2;SBP
Pp1s47_251V6.1;WRKY
Pp1s47_284V6.1;GIF
Pp1s47_284V6.2;GIF
Pp1s47_284V6.3;GIF
Pp1s47_284V6.4;GIF
Pp1s47_284V6.5;GIF
Pp1s47_291V6.1;DUF246 domain containing
Pp1s47_331V6.1;AP2/EREBP
Pp1s47_35V6.1;PHD
Pp1s47_44V6.1;PHD
Pp1s47_90V6.1;GARP_G2-like
Pp1s47_98V6.1;ABI3/VP1
Pp1s480_12V6.1;AP2/EREBP
Pp1s480_12V6.2;AP2/EREBP
Pp1s480_16V6.1;AP2/EREBP
Pp1s485_11V6.1;DUF296 and HMG DNA-binding domain containing
Pp1s487_24V6.1;AP2/EREBP
Pp1s48_101V6.1;bZIP
Pp1s48_101V6.2;bZIP
Pp1s48_113V6.1;SWI/SNF_SWI3
Pp1s48_141V6.1;WRKY
Pp1s48_147V6.1;ARF
Pp1s48_162V6.1;Zinc finger, ZPR1
Pp1s48_17V6.1;TRAF
Pp1s48_203V6.1;bHLH
Pp1s48_203V6.2;bHLH
Pp1s48_203V6.3;bHLH
Pp1s490_9V6.1;GARP_G2-like
Pp1s491_6V6.1;zf_HD
Pp1s495_7V6.1;C2H2
Pp1s49_140V6.1;GARP_G2-like
Pp1s49_161V6.1;bZIP
Pp1s49_258V6.1;MYB-related
Pp1s4_111V6.1;bHLH
Pp1s4_154V6.1;GNAT
Pp1s4_283V6.1;NAC
Pp1s4_70V6.1;HD-Zip
Pp1s4_99V6.1;bHLH
Pp1s50_125V6.1;SBP
Pp1s50_127V6.1;SBP
Pp1s50_146V6.1;Zinc finger, AN1 and A20 type
Pp1s50_31V6.1;PHD
Pp1s512_3V6.1;bZIP
Pp1s518_6V6.1;TRAF
Pp1s519_13V6.1;bHLH
Pp1s51_178V6.1;bHLH
Pp1s51_250V6.1;C2H2
Pp1s51_318V6.1;CCAAT_Hap5
Pp1s520_1V6.1;C3H
Pp1s523_20V6.1;SET
Pp1s523_3V6.1;Trihelix
Pp1s523_9V6.1;SET
Pp1s52_122V6.1;DUF547 domain containing
Pp1s52_142V6.1;GNAT
Pp1s52_33V6.1;GARP_G2-like
Pp1s52_54V6.1;MYB
Pp1s52_67V6.1;LFY
Pp1s535_6V6.1;PcG_FIE
Pp1s53_1V6.1;AS2/LOB
Pp1s53_216V6.1;MYB
Pp1s53_239V6.1;Alfin-like
Pp1s53_24V6.1;ARID
Pp1s53_4V6.1;HB
Pp1s53_68V6.1;DUF632 and DUF630 domain containing
Pp1s53_80V6.1;AP2/EREBP
Pp1s54_220V6.1;DUF632 and DUF630 domain containing
Pp1s54_246V6.1;HRT
Pp1s54_261V6.1;AS2/LOB
Pp1s54_314V6.1;SNF2
Pp1s54_68V6.1;C2H2
Pp1s55_11V6.1;bHLH
Pp1s55_124V6.1;SNF2
Pp1s55_141V6.1;SET
Pp1s55_182V6.1;GARP_G2-like
Pp1s55_237V6.1;SBP
Pp1s55_240V6.1;SBP
Pp1s55_253V6.1;AP2/EREBP
Pp1s55_256V6.1;AP2/EREBP
Pp1s55_280V6.1;MADS
Pp1s55_284V6.1;MADS
Pp1s55_304V6.1;MADS
Pp1s55_304V6.2;MADS
Pp1s55_304V6.3;MADS
Pp1s55_45V6.1;HB
Pp1s55_99V6.1;HB
Pp1s560_1V6.1;PLATZ
Pp1s56_182V6.1;PHD
Pp1s56_2V6.1;BBR/BPC
Pp1s56_77V6.1;AS2/LOB
Pp1s577_1V6.1;C2H2
Pp1s57_219V6.1;bHLH
Pp1s57_226V6.1;bHLH
Pp1s57_97V6.1;PcG_VEFS
Pp1s57_97V6.2;PcG_VEFS
Pp1s58_127V6.1;DUF296 and HMG DNA-binding domain containing
Pp1s58_127V6.2;DUF296 and HMG DNA-binding domain containing
Pp1s58_205V6.1;MYB-related
Pp1s58_260V6.1;AP2/EREBP
Pp1s58_260V6.2;AP2/EREBP
Pp1s58_70V6.1;PHD
Pp1s59_146V6.1;HB
Pp1s59_160V6.1;C2H2
Pp1s59_160V6.2;C2H2
Pp1s59_346V6.1;SET
Pp1s59_348V6.1;PHD
Pp1s59_351V6.1;C3H
Pp1s59_351V6.2;C3H
Pp1s5_14V6.1;Trihelix
Pp1s5_289V6.1;bHLH
Pp1s5_354V6.1;WRKY
Pp1s5_359V6.1;NAC
Pp1s5_432V6.1;AP2/EREBP
Pp1s5_75V6.1;ABI3/VP1
Pp1s60_148V6.1;AP2/EREBP
Pp1s60_187V6.1;bHLH
Pp1s60_228V6.1;AP2/EREBP
Pp1s60_269V6.1;AP2/EREBP
Pp1s60_59V6.1;GARP_G2-like
Pp1s60_59V6.2;GARP_G2-like
Pp1s60_59V6.3;GARP_G2-like
Pp1s61_196V6.1;MYB
Pp1s61_230V6.1;AP2/EREBP
Pp1s61_286V6.1;AS2/LOB
Pp1s61_39V6.1;MYB
Pp1s61_39V6.2;MYB
Pp1s61_4V6.1;HMG
Pp1s61_4V6.2;HMG
Pp1s61_4V6.3;HMG
Pp1s62_17V6.1;Trihelix
Pp1s62_62V6.1;Zinc finger, MIZ type
Pp1s62_67V6.1;bZIP
Pp1s62_86V6.1;C3H
Pp1s63_181V6.1;GRAS
Pp1s63_198V6.1;GRAS
Pp1s63_211V6.1;ABI3/VP1
Pp1s63_51V6.1;C2H2
Pp1s63_80V6.1;AP2/EREBP
Pp1s641_1V6.1;MYB
Pp1s64_138V6.1;ARF
Pp1s64_149V6.1;mTERF
Pp1s64_206V6.1;AP2/EREBP
Pp1s64_47V6.1;AP2/EREBP
Pp1s64_4V6.1;CSD
Pp1s64_4V6.2;CSD
Pp1s64_65V6.1;TRAF
Pp1s65_183V6.1;SNF2
Pp1s65_211V6.1;MYB
Pp1s65_218V6.1;Trihelix
Pp1s65_227V6.1;ARF
Pp1s65_233V6.1;MYB
Pp1s65_236V6.1;WRKY
Pp1s65_249V6.1;LIM
Pp1s65_254V6.1;ABI3/VP1
Pp1s65_33V6.1;OFP
Pp1s65_42V6.1;HD-Zip
Pp1s65_52V6.1;HD-Zip
Pp1s65_52V6.2;HD-Zip
Pp1s66_130V6.1;DUF246 domain containing
Pp1s66_144V6.1;SNF2
Pp1s66_196V6.1;C3H
Pp1s66_200V6.1;MYB
Pp1s66_226V6.1;ARID
Pp1s66_255V6.1;AP2/EREBP
Pp1s66_282V6.1;AP2/EREBP
Pp1s66_56V6.1;AS2/LOB
Pp1s66_87V6.1;MYB-related
Pp1s66_90V6.1;MYB-related
Pp1s66_99V6.1;PLATZ
Pp1s67_107V6.1;HB
Pp1s67_144V6.1;AP2/EREBP
Pp1s67_183V6.1;TCP
Pp1s67_37V6.1;bHLH
Pp1s68_122V6.1;Sir2
Pp1s68_122V6.2;Sir2
Pp1s68_190V6.1;bHLH
Pp1s68_190V6.2;bHLH
Pp1s68_204V6.1;tify
Pp1s68_204V6.2;tify
Pp1s68_214V6.1;C2C2_Dof
Pp1s68_240V6.1;GARP_G2-like
Pp1s68_248V6.1;GARP_G2-like
Pp1s68_248V6.2;GARP_G2-like
Pp1s68_293V6.1;MADS
Pp1s68_33V6.1;bZIP
Pp1s68_33V6.2;bZIP
Pp1s68_85V6.1;bHLH
Pp1s68_85V6.2;bHLH
Pp1s69_101V6.1;bHLH
Pp1s69_103V6.1;tify
Pp1s69_103V6.2;tify
Pp1s69_103V6.3;tify
Pp1s69_103V6.4;tify
Pp1s69_113V6.1;C2C2_Dof
Pp1s69_130V6.1;AS2/LOB
Pp1s69_37V6.1;bHLH
Pp1s69_37V6.2;bHLH
Pp1s69_95V6.1;bHLH
Pp1s6_134V6.1;AP2/EREBP
Pp1s6_134V6.2;AP2/EREBP
Pp1s6_134V6.3;AP2/EREBP
Pp1s6_167V6.1;bHLH
Pp1s6_229V6.1;PLATZ
Pp1s6_240V6.1;ARF
Pp1s6_285V6.1;DUF547 domain containing
Pp1s6_315V6.1;C3H
Pp1s6_324V6.1;C3H
Pp1s6_381V6.1;C2H2
Pp1s6_391V6.1;AP2/EREBP
Pp1s6_416V6.1;MYB
Pp1s6_432V6.1;Rcd1-like
Pp1s6_458V6.1;NAC
Pp1s6_75V6.1;AP2/EREBP
Pp1s70_104V6.1;NAC
Pp1s70_135V6.1;FHA
Pp1s70_161V6.1;BSD domain containing
Pp1s70_161V6.2;BSD domain containing
Pp1s70_161V6.3;BSD domain containing
Pp1s70_161V6.4;BSD domain containing
Pp1s70_17V6.1;AP2/EREBP
Pp1s70_192V6.1;HB
Pp1s70_203V6.1;MYB-related
Pp1s70_203V6.2;MYB-related
Pp1s70_203V6.3;MYB-related
Pp1s70_273V6.1;BES1
Pp1s71_321V6.1;bHLH
Pp1s71_364V6.1;bZIP
Pp1s71_7V6.1;AS2/LOB
Pp1s72_143V6.1;MYB
Pp1s72_143V6.2;MYB
Pp1s72_220V6.1;AP2/EREBP
Pp1s72_230V6.1;AP2/EREBP
Pp1s72_296V6.1;C2H2
Pp1s72_333V6.1;C3H
Pp1s72_3V6.1;bHLH
Pp1s72_3V6.2;bHLH
Pp1s72_74V6.1;GRAS
Pp1s73_109V6.1;GARP_G2-like
Pp1s73_118V6.1;GARP_G2-like
Pp1s73_11V6.1;AUX/IAA
Pp1s73_153V6.1;MYB
Pp1s73_153V6.2;MYB
Pp1s73_155V6.1;FHA
Pp1s73_179V6.1;SNF2
Pp1s73_182V6.1;NAC
Pp1s73_70V6.1;WRKY
Pp1s73_7V6.1;AS2/LOB
Pp1s74_161V6.1;GARP_G2-like
Pp1s74_186V6.1;GNAT
Pp1s74_188V6.1;SNF2
Pp1s74_197V6.1;MYB-related
Pp1s74_224V6.1;LFY
Pp1s74_252V6.1;E2F/DP
Pp1s74_264V6.1;MYB
Pp1s74_34V6.1;TUB
Pp1s74_38V6.1;bHLH
Pp1s74_41V6.1;bHLH
Pp1s74_86V6.1;AP2/EREBP
Pp1s75_174V6.1;ABI3/VP1
Pp1s75_30V6.1;DUF246 domain containing
Pp1s75_40V6.1;BSD domain containing
Pp1s75_40V6.2;BSD domain containing
Pp1s75_40V6.3;BSD domain containing
Pp1s76_147V6.1;C2C2_CO-like
Pp1s76_167V6.2;DDT
Pp1s76_183V6.2;SET
Pp1s76_66V6.1;MYB
Pp1s77_184V6.1;HD-Zip
Pp1s77_18V6.2;PHD
Pp1s77_230V6.1;bHLH
Pp1s77_271V6.1;OFP
Pp1s77_42V6.1;NAC
Pp1s77_59V6.1;HB_KNOX
Pp1s77_5V6.1;DUF246 domain containing
Pp1s77_93V6.1;DUF246 domain containing
Pp1s78_152V6.1;MYB
Pp1s78_152V6.2;MYB
Pp1s78_222V6.1;C2H2
Pp1s79_101V6.1;bHLH
Pp1s79_150V6.1;DUF296 and HMG DNA-binding domain containing
Pp1s79_169V6.1;AP2/EREBP
Pp1s79_220V6.1;PHD
Pp1s79_25V6.1;AP2/EREBP
Pp1s7_115V6.1;ABI3/VP1
Pp1s7_128V6.1;SNF2
Pp1s7_13V6.1;WRKY
Pp1s7_13V6.2;WRKY
Pp1s7_13V6.3;WRKY
Pp1s7_13V6.4;WRKY
Pp1s7_178V6.1;GNAT
Pp1s7_185V6.1;DUF296 and HMG DNA-binding domain containing
Pp1s7_190V6.1;MYB-related
Pp1s7_194V6.1;Argonaute
Pp1s7_246V6.1;bZIP
Pp1s7_246V6.2;bZIP
Pp1s7_252V6.1;C2H2
Pp1s7_261V6.1;AS2/LOB
Pp1s7_273V6.1;OFP
Pp1s7_280V6.1;HD-Zip
Pp1s7_280V6.2;HD-Zip
Pp1s7_280V6.3;HD-Zip
Pp1s7_280V6.4;HD-Zip
Pp1s7_296V6.1;Sigma70-like
Pp1s7_352V6.1;AP2/EREBP
Pp1s7_37V6.1;bHLH
Pp1s7_383V6.1;ABI3/VP1
Pp1s7_389V6.1;C2H2
Pp1s7_389V6.2;C2H2
Pp1s7_393V6.1;GNAT
Pp1s7_472V6.1;AP2/EREBP
Pp1s7_481V6.1;AP2/EREBP
Pp1s80_129V6.1;FHA
Pp1s80_143V6.1;TRAF
Pp1s80_153V6.1;MYB-related
Pp1s80_158V6.1;DUF246 domain containing
Pp1s80_27V6.1;GRAS
Pp1s80_3V6.1;LIM
Pp1s80_72V6.1;bZIP
Pp1s80_72V6.2;bZIP
Pp1s80_72V6.3;bZIP
Pp1s81_144V6.2;Pseudo ARR-B
Pp1s81_182V6.1;PHD
Pp1s81_201V6.1;mTERF
Pp1s81_202V6.1;MADS
Pp1s81_44V6.1;AP2/EREBP
Pp1s823_1V6.1;RWP-RK
Pp1s82_168V6.1;GARP_G2-like
Pp1s82_59V6.1;C2H2
Pp1s83_100V6.1;GARP_G2-like
Pp1s83_10V6.1;AP2/EREBP
Pp1s83_128V6.1;bHLH
Pp1s83_148V6.1;C2H2
Pp1s83_162V6.1;Zinc finger, ZPR1
Pp1s83_179V6.1;CCAAT_Hap3
Pp1s83_179V6.2;CCAAT_Hap3
Pp1s83_22V6.1;SWI/SNF_BAF60b
Pp1s83_22V6.2;SWI/SNF_BAF60b
Pp1s83_22V6.3;SWI/SNF_BAF60b
Pp1s83_243V6.2;bZIP
Pp1s83_243V6.3;bZIP
Pp1s83_71V6.1;Trihelix
Pp1s83_93V6.1;AP2/EREBP
Pp1s84_106V6.1;WRKY
Pp1s84_112V6.1;GRAS
Pp1s84_145V6.1;PHD
Pp1s84_14V6.1;bHLH
Pp1s84_217V6.1;DUF246 domain containing
Pp1s84_22V6.1;bHLH
Pp1s84_236V6.1;HB
Pp1s84_259V6.1;SNF2
Pp1s84_297V6.1;C3H
Pp1s84_299V6.1;GRAS
Pp1s84_83V6.1;TRAF
Pp1s84_88V6.1;GNAT
Pp1s84_95V6.1;HSF
Pp1s85_139V6.1;GRAS
Pp1s85_150V6.1;Trihelix
Pp1s85_15V6.1;GNAT
Pp1s85_27V6.1;HSF
Pp1s85_58V6.1;Trihelix
Pp1s86_142V6.1;SNF2
Pp1s86_197V6.1;C3H
Pp1s86_197V6.2;C3H
Pp1s86_1V6.1;ARF
Pp1s86_33V6.1;AP2/EREBP
Pp1s86_4V6.1;ARF
Pp1s8782_3V6.1;GNAT
Pp1s87_101V6.1;MYB-related
Pp1s87_134V6.1;MYB-related
Pp1s87_156V6.1;bZIP
Pp1s87_178V6.1;TRAF
Pp1s87_38V6.1;EIL
Pp1s87_56V6.1;GNAT
Pp1s87_98V6.1;AP2/EREBP
Pp1s882_1V6.1;GRAS
Pp1s88_112V6.1;tify
Pp1s88_114V6.1;tify
Pp1s88_174V6.1;MADS
Pp1s88_175V6.1;mTERF
Pp1s88_210V6.1;HMG
Pp1s88_212V6.1;HMG
Pp1s88_212V6.2;HMG
Pp1s88_212V6.3;HMG
Pp1s88_64V6.1;PHD
Pp1s89_104V6.1;MYB-related
Pp1s89_108V6.1;MYB-related
Pp1s89_147V6.1;SWI/SNF_BAF60b
Pp1s89_172V6.1;bHLH
Pp1s89_188V6.1;HB
Pp1s89_218V6.1;C2H2
Pp1s89_222V6.1;mTERF
Pp1s89_222V6.2;mTERF
Pp1s89_259V6.1;Argonaute
Pp1s89_91V6.1;PHD
Pp1s89_91V6.2;PHD
Pp1s89_94V6.1;PLATZ
Pp1s8_101V6.1;MADS
Pp1s8_103V6.1;SWI/SNF_BAF60b
Pp1s8_127V6.1;AP2/EREBP
Pp1s8_127V6.2;AP2/EREBP
Pp1s8_187V6.1;DUF246 domain containing
Pp1s8_227V6.1;GARP_G2-like
Pp1s8_29V6.1;C3H
Pp1s8_36V6.1;NAC
Pp1s8_95V6.1;MADS
Pp1s90_121V6.1;MADS
Pp1s90_121V6.2;MADS
Pp1s90_162V6.1;bHLH
Pp1s90_171V6.1;bHLH
Pp1s90_171V6.2;bHLH
Pp1s90_184V6.1;AP2/EREBP
Pp1s90_238V6.1;RB
Pp1s90_29V6.1;bHLH
Pp1s90_96V6.1;PHD
Pp1s91_13V6.1;MYB
Pp1s91_16V6.1;FHA
Pp1s91_241V6.1;MYB-related
Pp1s91_58V6.1;GNAT
Pp1s92_33V6.1;Sigma70-like
Pp1s93_114V6.1;bHLH
Pp1s93_123V6.1;SNF2
Pp1s93_144V6.1;PHD
Pp1s93_157V6.1;bZIP
Pp1s93_186V6.1;bHLH
Pp1s93_72V6.1;TRAF
Pp1s93_77V6.1;AP2/EREBP
Pp1s93_85V6.1;PHD
Pp1s94_148V6.1;bHLH
Pp1s94_39V6.1;Zinc finger, MIZ type
Pp1s94_54V6.1;PHD
Pp1s95_69V6.1;AP2/EREBP
Pp1s966_1V6.1;MYB-related
Pp1s96_165V6.1;MYB-related
Pp1s96_191V6.1;HD-Zip
Pp1s96_94V6.1;MBF1
Pp1s96_94V6.2;MBF1
Pp1s97_109V6.1;C2C2_CO-like
Pp1s97_13V6.1;Coactivator p15
Pp1s97_13V6.2;Coactivator p15
Pp1s97_13V6.3;Coactivator p15
Pp1s97_14V6.1;IWS1
Pp1s97_167V6.1;Alfin-like
Pp1s97_167V6.2;Alfin-like
Pp1s97_176V6.1;bHLH
Pp1s97_269V6.1;ABI3/VP1
Pp1s97_39V6.1;GRAS
Pp1s97_96V6.1;E2F/DP
Pp1s98_14V6.1;GRAS
Pp1s98_202V6.1;bHLH
Pp1s98_202V6.2;bHLH
Pp1s98_202V6.3;bHLH
Pp1s98_202V6.4;bHLH
Pp1s98_202V6.5;bHLH
Pp1s98_22V6.1;AP2/EREBP
Pp1s98_27V6.1;C2H2
Pp1s98_29V6.2;RWP-RK
Pp1s98_98V6.1;GNAT
Pp1s98_98V6.2;GNAT
Pp1s98_98V6.3;GNAT
Pp1s99_23V6.1;tify
Pp1s99_26V6.1;GNAT
Pp1s9_112V6.1;RWP-RK
Pp1s9_150V6.1;SET
Pp1s9_186V6.1;AS2/LOB
Pp1s9_234V6.1;GARP_G2-like
Pp1s9_303V6.1;AS2/LOB
Pp1s9_417V6.1;C2C2_GATA
Pp1s9_436V6.1;CPP
Pp1s9_445V6.1;C3H
Pp1s9_450V6.1;AS2/LOB
Pp1s9_450V6.2;AS2/LOB
Pp1s9_89V6.1;TRAF
